episode,info_file,shot_index,shot_grabMsec,left,right,robosenseCapture,robosenseCapture2
003,xt1.021.003.info.yml.gz,2,619997,,619948,,
003,xt1.021.003.info.yml.gz,3,620000,619949,,,
003,xt1.021.003.info.yml.gz,7,620026,,619973,,
003,xt1.021.003.info.yml.gz,8,620029,619974,,,
003,xt1.021.003.info.yml.gz,9,620030,,,,620030
003,xt1.021.003.info.yml.gz,13,620057,620000,,,
003,xt1.021.003.info.yml.gz,14,620058,,619999,,
003,xt1.021.003.info.yml.gz,17,620070,,,620069,
003,xt1.021.003.info.yml.gz,20,620083,620028,,,
003,xt1.021.003.info.yml.gz,21,620085,,620027,,
003,xt1.021.003.info.yml.gz,26,620108,620054,,,
003,xt1.021.003.info.yml.gz,27,620109,,620053,,
003,xt1.021.003.info.yml.gz,30,620130,,,,620130
003,xt1.021.003.info.yml.gz,31,620135,620079,,,
003,xt1.021.003.info.yml.gz,32,620139,,620078,,
003,xt1.021.003.info.yml.gz,37,620170,620105,,620169,
003,xt1.021.003.info.yml.gz,39,620180,,620104,,
003,xt1.021.003.info.yml.gz,42,620185,620131,,,
003,xt1.021.003.info.yml.gz,44,620196,,620130,,
003,xt1.021.003.info.yml.gz,46,620210,620156,,,
003,xt1.021.003.info.yml.gz,47,620211,,620155,,
003,xt1.021.003.info.yml.gz,51,620231,,,,620230
003,xt1.021.003.info.yml.gz,52,620233,620183,,,
003,xt1.021.003.info.yml.gz,53,620234,,620182,,
003,xt1.021.003.info.yml.gz,56,620261,620209,,,
003,xt1.021.003.info.yml.gz,57,620262,,620208,,
003,xt1.021.003.info.yml.gz,59,620270,,,620270,
003,xt1.021.003.info.yml.gz,62,620285,620234,,,
003,xt1.021.003.info.yml.gz,63,620287,,620233,,
003,xt1.021.003.info.yml.gz,66,620309,620259,,,
003,xt1.021.003.info.yml.gz,67,620310,,620259,,
003,xt1.021.003.info.yml.gz,70,620332,,,,620332
003,xt1.021.003.info.yml.gz,72,620336,620286,,,
003,xt1.021.003.info.yml.gz,74,620354,,620285,,
003,xt1.021.003.info.yml.gz,75,620355,620311,,,
003,xt1.021.003.info.yml.gz,77,620366,,620310,,
003,xt1.021.003.info.yml.gz,79,620369,,,620369,
003,xt1.021.003.info.yml.gz,83,620388,620337,,,
003,xt1.021.003.info.yml.gz,84,620389,,620336,,
003,xt1.021.003.info.yml.gz,88,620418,,620361,,
003,xt1.021.003.info.yml.gz,89,620420,620362,,,
003,xt1.021.003.info.yml.gz,92,620432,,,,620432
003,xt1.021.003.info.yml.gz,94,620442,,620388,,
003,xt1.021.003.info.yml.gz,95,620444,620389,,,
003,xt1.021.003.info.yml.gz,99,620468,,620413,,
003,xt1.021.003.info.yml.gz,100,620470,620414,,620469,
003,xt1.021.003.info.yml.gz,105,620495,,620439,,
003,xt1.021.003.info.yml.gz,107,620498,620439,,,
003,xt1.021.003.info.yml.gz,110,620523,,620465,,
003,xt1.021.003.info.yml.gz,112,620530,,,,620530
003,xt1.021.003.info.yml.gz,114,620544,620466,,,
003,xt1.021.003.info.yml.gz,118,620560,,620490,,
003,xt1.021.003.info.yml.gz,120,620570,,,620570,
003,xt1.021.003.info.yml.gz,121,620573,620491,,,
003,xt1.021.003.info.yml.gz,123,620579,,620515,,
003,xt1.021.003.info.yml.gz,126,620591,,620541,,
003,xt1.021.003.info.yml.gz,127,620594,620516,,,
003,xt1.021.003.info.yml.gz,130,620612,620542,,,
003,xt1.021.003.info.yml.gz,132,620622,,620568,,
003,xt1.021.003.info.yml.gz,133,620624,620569,,,
003,xt1.021.003.info.yml.gz,134,620631,,,,620630
003,xt1.021.003.info.yml.gz,136,620644,620594,,,
003,xt1.021.003.info.yml.gz,137,620646,,620593,,
003,xt1.021.003.info.yml.gz,140,620670,,,620669,
003,xt1.021.003.info.yml.gz,141,620671,620620,,,
003,xt1.021.003.info.yml.gz,142,620672,,620619,,
003,xt1.021.003.info.yml.gz,146,620696,620646,,,
003,xt1.021.003.info.yml.gz,147,620703,,620645,,
003,xt1.021.003.info.yml.gz,149,620722,620671,,,
003,xt1.021.003.info.yml.gz,150,620730,,620670,,
003,xt1.021.003.info.yml.gz,151,620734,,,,620732
003,xt1.021.003.info.yml.gz,154,620750,620696,,,
003,xt1.021.003.info.yml.gz,158,620770,,,620770,
003,xt1.021.003.info.yml.gz,161,620779,,620695,,
003,xt1.021.003.info.yml.gz,162,620785,620721,,,
003,xt1.021.003.info.yml.gz,164,620795,,620721,,
003,xt1.021.003.info.yml.gz,167,620810,,620747,,
003,xt1.021.003.info.yml.gz,168,620818,620748,,,
003,xt1.021.003.info.yml.gz,171,620830,,,,620830
003,xt1.021.003.info.yml.gz,172,620832,,620772,,
003,xt1.021.003.info.yml.gz,174,620848,620773,,,
003,xt1.021.003.info.yml.gz,175,620850,,620798,,
003,xt1.021.003.info.yml.gz,177,620854,620799,,,
003,xt1.021.003.info.yml.gz,179,620873,,,620873,
003,xt1.021.003.info.yml.gz,182,620883,,620830,,
003,xt1.021.003.info.yml.gz,183,620884,620831,,,
003,xt1.021.003.info.yml.gz,187,620910,,620855,,
003,xt1.021.003.info.yml.gz,188,620911,620856,,,
003,xt1.021.003.info.yml.gz,191,620931,,,,620930
003,xt1.021.003.info.yml.gz,193,620936,620881,,,
003,xt1.021.003.info.yml.gz,194,620937,,620880,,
003,xt1.021.003.info.yml.gz,198,620966,,620906,,
003,xt1.021.003.info.yml.gz,199,620968,620906,,,
003,xt1.021.003.info.yml.gz,200,620969,,,620969,
003,xt1.021.003.info.yml.gz,202,620984,,620932,,
003,xt1.021.003.info.yml.gz,203,620985,620933,,,
003,xt1.021.003.info.yml.gz,208,621014,620958,,,
003,xt1.021.003.info.yml.gz,209,621015,,620957,,
003,xt1.021.003.info.yml.gz,212,621030,,,,621030
003,xt1.021.003.info.yml.gz,214,621041,,620983,,
003,xt1.021.003.info.yml.gz,215,621043,620983,,,
003,xt1.021.003.info.yml.gz,218,621070,,621009,621069,
003,xt1.021.003.info.yml.gz,220,621077,621010,,,
003,xt1.021.003.info.yml.gz,223,621087,,621034,,
003,xt1.021.003.info.yml.gz,224,621097,621035,,,
003,xt1.021.003.info.yml.gz,228,621115,621060,,,
003,xt1.021.003.info.yml.gz,229,621117,,621060,,
003,xt1.021.003.info.yml.gz,231,621130,,,,621130
003,xt1.021.003.info.yml.gz,233,621136,,621085,,
003,xt1.021.003.info.yml.gz,234,621143,621086,,,
003,xt1.021.003.info.yml.gz,237,621161,,621111,,
003,xt1.021.003.info.yml.gz,239,621166,621112,,,
003,xt1.021.003.info.yml.gz,240,621170,,,621170,
003,xt1.021.003.info.yml.gz,244,621190,,621136,,
003,xt1.021.003.info.yml.gz,245,621192,621137,,,
003,xt1.021.003.info.yml.gz,248,621211,,621162,,
003,xt1.021.003.info.yml.gz,249,621214,621163,,,
003,xt1.021.003.info.yml.gz,251,621233,,,,621233
003,xt1.021.003.info.yml.gz,252,621242,,621188,,
003,xt1.021.003.info.yml.gz,253,621244,621189,,,
003,xt1.021.003.info.yml.gz,256,621269,,,621269,
003,xt1.021.003.info.yml.gz,257,621270,,621214,,
003,xt1.021.003.info.yml.gz,258,621271,621215,,,
003,xt1.021.003.info.yml.gz,263,621298,621240,,,
003,xt1.021.003.info.yml.gz,264,621300,,621240,,
003,xt1.021.003.info.yml.gz,267,621324,,621265,,
003,xt1.021.003.info.yml.gz,268,621333,621266,,,621330
003,xt1.021.003.info.yml.gz,272,621355,621292,,,
003,xt1.021.003.info.yml.gz,274,621363,,621291,,
003,xt1.021.003.info.yml.gz,276,621369,,,621369,
003,xt1.021.003.info.yml.gz,277,621376,621317,,,
003,xt1.021.003.info.yml.gz,279,621385,,621316,,
003,xt1.021.003.info.yml.gz,282,621396,621343,,,
003,xt1.021.003.info.yml.gz,283,621400,,621342,,
003,xt1.021.003.info.yml.gz,286,621422,621369,,,
003,xt1.021.003.info.yml.gz,287,621423,,621369,,
003,xt1.021.003.info.yml.gz,289,621433,,,,621430
003,xt1.021.003.info.yml.gz,291,621448,621398,,,
003,xt1.021.003.info.yml.gz,292,621450,,621397,,
003,xt1.021.003.info.yml.gz,295,621470,,,621470,
003,xt1.021.003.info.yml.gz,296,621478,621423,,,
003,xt1.021.003.info.yml.gz,297,621480,,621422,,
003,xt1.021.003.info.yml.gz,301,621503,621448,,,
003,xt1.021.003.info.yml.gz,302,621510,,621447,,
003,xt1.021.003.info.yml.gz,304,621528,621475,,,
003,xt1.021.003.info.yml.gz,305,621530,,621474,,
003,xt1.021.003.info.yml.gz,306,621531,,,,621531
003,xt1.021.003.info.yml.gz,311,621557,621500,,,
003,xt1.021.003.info.yml.gz,312,621558,,621499,,
003,xt1.021.003.info.yml.gz,314,621570,,,621569,
003,xt1.021.003.info.yml.gz,318,621589,,621524,,
003,xt1.021.003.info.yml.gz,319,621598,,621551,,
003,xt1.021.003.info.yml.gz,320,621601,621525,,,
003,xt1.021.003.info.yml.gz,323,621616,621552,,,
003,xt1.021.003.info.yml.gz,325,621630,,621579,,621630
003,xt1.021.003.info.yml.gz,326,621634,621580,,,
003,xt1.021.003.info.yml.gz,332,621676,,,621675,
003,xt1.021.003.info.yml.gz,333,621678,,621605,,
003,xt1.021.003.info.yml.gz,335,621690,621606,,,
003,xt1.021.003.info.yml.gz,337,621703,,621630,,
003,xt1.021.003.info.yml.gz,339,621716,621631,,,
003,xt1.021.003.info.yml.gz,341,621729,,621657,,
003,xt1.021.003.info.yml.gz,342,621731,,,,621731
003,xt1.021.003.info.yml.gz,344,621739,621658,,,
003,xt1.021.003.info.yml.gz,346,621751,,621682,,
003,xt1.021.003.info.yml.gz,348,621763,621683,,,
003,xt1.021.003.info.yml.gz,350,621770,,,621769,
003,xt1.021.003.info.yml.gz,351,621772,,621707,,
003,xt1.021.003.info.yml.gz,354,621782,621708,,,
003,xt1.021.003.info.yml.gz,357,621796,,621734,,
003,xt1.021.003.info.yml.gz,360,621809,621735,,,
003,xt1.021.003.info.yml.gz,361,621817,,621760,,
003,xt1.021.003.info.yml.gz,364,621830,,,,621830
003,xt1.021.003.info.yml.gz,365,621832,621761,,,
003,xt1.021.003.info.yml.gz,369,621857,,621785,,
003,xt1.021.003.info.yml.gz,372,621870,,,621870,
003,xt1.021.003.info.yml.gz,373,621872,621786,,,
003,xt1.021.003.info.yml.gz,376,621883,,621810,,
003,xt1.021.003.info.yml.gz,378,621895,621811,,,
003,xt1.021.003.info.yml.gz,379,621905,,621838,,
003,xt1.021.003.info.yml.gz,382,621922,621839,,,
003,xt1.021.003.info.yml.gz,384,621931,,,,621930
003,xt1.021.003.info.yml.gz,385,621932,,621864,,
003,xt1.021.003.info.yml.gz,388,621946,621865,,,
003,xt1.021.003.info.yml.gz,391,621962,,621889,,
003,xt1.021.003.info.yml.gz,393,621969,,,621969,
003,xt1.021.003.info.yml.gz,394,621976,621890,,,
003,xt1.021.003.info.yml.gz,396,621980,,621916,,
003,xt1.021.003.info.yml.gz,399,621999,621917,,,
003,xt1.021.003.info.yml.gz,401,622006,,621941,,
003,xt1.021.003.info.yml.gz,405,622029,621942,,,
003,xt1.021.003.info.yml.gz,406,622031,,,,622031
003,xt1.021.003.info.yml.gz,408,622044,,621967,,
003,xt1.021.003.info.yml.gz,410,622054,621967,,,
003,xt1.021.003.info.yml.gz,413,622063,621993,,,
003,xt1.021.003.info.yml.gz,415,622069,,,622069,
003,xt1.021.003.info.yml.gz,416,622073,,621992,,
003,xt1.021.003.info.yml.gz,419,622082,622020,,,
003,xt1.021.003.info.yml.gz,421,622092,,622019,,
003,xt1.021.003.info.yml.gz,423,622102,622045,,,
003,xt1.021.003.info.yml.gz,424,622108,,622044,,
003,xt1.021.003.info.yml.gz,427,622126,622070,,,
003,xt1.021.003.info.yml.gz,428,622129,,622070,,
003,xt1.021.003.info.yml.gz,429,622131,,,,622130
003,xt1.021.003.info.yml.gz,431,622147,622096,,,
003,xt1.021.003.info.yml.gz,432,622148,,622095,,
003,xt1.021.003.info.yml.gz,435,622170,,,622170,
003,xt1.021.003.info.yml.gz,436,622172,622122,,,
003,xt1.021.003.info.yml.gz,437,622174,,622122,,
003,xt1.021.003.info.yml.gz,442,622204,622148,,,
003,xt1.021.003.info.yml.gz,443,622205,,622147,,
003,xt1.021.003.info.yml.gz,447,622228,,622172,,
003,xt1.021.003.info.yml.gz,448,622230,622173,,,
003,xt1.021.003.info.yml.gz,449,622231,,,,622230
003,xt1.021.003.info.yml.gz,455,622270,622200,,622269,
003,xt1.021.003.info.yml.gz,457,622279,,622199,,
003,xt1.021.003.info.yml.gz,460,622288,622225,,,
003,xt1.021.003.info.yml.gz,463,622303,,622224,,
003,xt1.021.003.info.yml.gz,465,622311,622251,,,
003,xt1.021.003.info.yml.gz,467,622316,,622250,,
003,xt1.021.003.info.yml.gz,469,622331,,,,622330
003,xt1.021.003.info.yml.gz,471,622337,,622277,,
003,xt1.021.003.info.yml.gz,472,622338,622278,,,
003,xt1.021.003.info.yml.gz,475,622361,622304,,,
003,xt1.021.003.info.yml.gz,476,622363,,622303,,
003,xt1.021.003.info.yml.gz,478,622370,,,622369,
003,xt1.021.003.info.yml.gz,482,622390,622329,,,
003,xt1.021.003.info.yml.gz,483,622394,,622328,,
003,xt1.021.003.info.yml.gz,485,622411,,622353,,
003,xt1.021.003.info.yml.gz,487,622414,622354,,,
003,xt1.021.003.info.yml.gz,490,622431,,622380,,622430
003,xt1.021.003.info.yml.gz,491,622433,622381,,,
003,xt1.021.003.info.yml.gz,497,622469,,622406,,
003,xt1.021.003.info.yml.gz,498,622470,,,622469,
003,xt1.021.003.info.yml.gz,499,622477,622407,,,
003,xt1.021.003.info.yml.gz,503,622494,,622432,,
003,xt1.021.003.info.yml.gz,505,622504,622433,,,
003,xt1.021.003.info.yml.gz,507,622515,,622457,,
003,xt1.021.003.info.yml.gz,508,622516,622458,,,
003,xt1.021.003.info.yml.gz,511,622531,,,,622530
003,xt1.021.003.info.yml.gz,514,622549,622484,,,
003,xt1.021.003.info.yml.gz,515,622557,,622483,,
003,xt1.021.003.info.yml.gz,516,622570,,,622569,
003,xt1.021.003.info.yml.gz,522,622603,622509,,,
003,xt1.021.003.info.yml.gz,523,622605,,622509,,
003,xt1.021.003.info.yml.gz,526,622620,,622534,,
003,xt1.021.003.info.yml.gz,527,622627,622535,,,
003,xt1.021.003.info.yml.gz,529,622630,,,,622630
003,xt1.021.003.info.yml.gz,532,622640,,622561,,
003,xt1.021.003.info.yml.gz,533,622647,622562,,,
003,xt1.021.003.info.yml.gz,534,622657,,622586,,
003,xt1.021.003.info.yml.gz,536,622668,622587,,,
003,xt1.021.003.info.yml.gz,537,622670,,,622669,
003,xt1.021.003.info.yml.gz,538,622678,,622612,,
003,xt1.021.003.info.yml.gz,540,622686,622613,,,
003,xt1.021.003.info.yml.gz,544,622699,,622637,,
003,xt1.021.003.info.yml.gz,545,622706,622638,,,
003,xt1.021.003.info.yml.gz,548,622720,622664,,,
003,xt1.021.003.info.yml.gz,549,622722,,622663,,
003,xt1.021.003.info.yml.gz,551,622731,,,,622730
003,xt1.021.003.info.yml.gz,553,622746,622689,,,
003,xt1.021.003.info.yml.gz,554,622747,,622688,,
003,xt1.021.003.info.yml.gz,557,622765,,622714,,
003,xt1.021.003.info.yml.gz,558,622767,622715,,,
003,xt1.021.003.info.yml.gz,559,622770,,,622770,
003,xt1.021.003.info.yml.gz,565,622801,,622740,,
003,xt1.021.003.info.yml.gz,566,622809,622741,,,
003,xt1.021.003.info.yml.gz,569,622825,,622766,,
003,xt1.021.003.info.yml.gz,570,622827,622767,,,
003,xt1.021.003.info.yml.gz,572,622831,,,,622830
003,xt1.021.003.info.yml.gz,575,622848,622792,,,
003,xt1.021.003.info.yml.gz,576,622849,,622791,,
003,xt1.021.003.info.yml.gz,579,622870,,,622870,
003,xt1.021.003.info.yml.gz,580,622874,,622817,,
003,xt1.021.003.info.yml.gz,581,622876,622817,,,
003,xt1.021.003.info.yml.gz,585,622901,622844,,,
003,xt1.021.003.info.yml.gz,586,622902,,622843,,
003,xt1.021.003.info.yml.gz,589,622926,622869,,,
003,xt1.021.003.info.yml.gz,590,622927,,622869,,
003,xt1.021.003.info.yml.gz,591,622930,,,,622930
003,xt1.021.003.info.yml.gz,594,622950,,622894,,
003,xt1.021.003.info.yml.gz,595,622952,622895,,,
003,xt1.021.003.info.yml.gz,598,622970,,,622969,
003,xt1.021.003.info.yml.gz,600,622980,,622921,,
003,xt1.021.003.info.yml.gz,603,622987,622922,,,
003,xt1.021.003.info.yml.gz,605,623003,,622947,,
003,xt1.021.003.info.yml.gz,606,623004,622947,,,
003,xt1.021.003.info.yml.gz,609,623026,622973,,,
003,xt1.021.003.info.yml.gz,611,623029,,622972,,
003,xt1.021.003.info.yml.gz,612,623031,,,,623030
003,xt1.021.003.info.yml.gz,615,623051,,622997,,
003,xt1.021.003.info.yml.gz,616,623056,622998,,,
003,xt1.021.003.info.yml.gz,618,623070,,,623070,
003,xt1.021.003.info.yml.gz,620,623078,,623024,,
003,xt1.021.003.info.yml.gz,621,623079,623025,,,
003,xt1.021.003.info.yml.gz,626,623103,623050,,,
003,xt1.021.003.info.yml.gz,627,623104,,623049,,
003,xt1.021.003.info.yml.gz,631,623131,,623075,,623130
003,xt1.021.003.info.yml.gz,632,623133,623075,,,
003,xt1.021.003.info.yml.gz,637,623164,,623101,,
003,xt1.021.003.info.yml.gz,639,623170,,,623169,
003,xt1.021.003.info.yml.gz,640,623171,623102,,,
003,xt1.021.003.info.yml.gz,644,623190,,623126,,
003,xt1.021.003.info.yml.gz,649,623223,,623151,,
003,xt1.021.003.info.yml.gz,651,623226,623127,,,
003,xt1.021.003.info.yml.gz,652,623232,,,,623232
003,xt1.021.003.info.yml.gz,655,623246,623152,,,
003,xt1.021.003.info.yml.gz,656,623253,,623177,,
003,xt1.021.003.info.yml.gz,659,623266,623178,,,
003,xt1.021.003.info.yml.gz,660,623270,,,623269,
003,xt1.021.003.info.yml.gz,661,623273,,623206,,
003,xt1.021.003.info.yml.gz,665,623287,623207,,,
003,xt1.021.003.info.yml.gz,666,623294,,623231,,
003,xt1.021.003.info.yml.gz,669,623308,623232,,,
003,xt1.021.003.info.yml.gz,670,623315,,623256,,
003,xt1.021.003.info.yml.gz,672,623320,623257,,,
003,xt1.021.003.info.yml.gz,674,623330,,,,623330
003,xt1.021.003.info.yml.gz,676,623341,,623281,,
003,xt1.021.003.info.yml.gz,679,623363,623282,,,
003,xt1.021.003.info.yml.gz,680,623367,,623308,,
003,xt1.021.003.info.yml.gz,682,623371,,,623369,
003,xt1.021.003.info.yml.gz,684,623380,623309,,,
003,xt1.021.003.info.yml.gz,686,623384,,623333,,
003,xt1.021.003.info.yml.gz,687,623387,623334,,,
003,xt1.021.003.info.yml.gz,691,623409,,623358,,
003,xt1.021.003.info.yml.gz,692,623413,623359,,,
003,xt1.021.003.info.yml.gz,695,623430,,,,623430
003,xt1.021.003.info.yml.gz,697,623436,,623385,,
003,xt1.021.003.info.yml.gz,698,623442,623386,,,
003,xt1.021.003.info.yml.gz,701,623466,,623411,,
003,xt1.021.003.info.yml.gz,702,623468,623412,,,
003,xt1.021.003.info.yml.gz,703,623469,,,623469,
003,xt1.021.003.info.yml.gz,708,623495,,623437,,
003,xt1.021.003.info.yml.gz,710,623503,623438,,,
003,xt1.021.003.info.yml.gz,713,623523,623463,623462,,
003,xt1.021.003.info.yml.gz,715,623531,,,,623531
003,xt1.021.003.info.yml.gz,718,623543,,623488,,
003,xt1.021.003.info.yml.gz,719,623544,623489,,,
003,xt1.021.003.info.yml.gz,723,623569,,,623569,
003,xt1.021.003.info.yml.gz,724,623570,623515,,,
003,xt1.021.003.info.yml.gz,725,623571,,623514,,
003,xt1.021.003.info.yml.gz,729,623593,,623539,,
003,xt1.021.003.info.yml.gz,730,623596,623540,,,
003,xt1.021.003.info.yml.gz,735,623619,623566,,,
003,xt1.021.003.info.yml.gz,736,623622,,623566,,
003,xt1.021.003.info.yml.gz,738,623631,,,,623630
003,xt1.021.003.info.yml.gz,740,623644,623593,,,
003,xt1.021.003.info.yml.gz,741,623645,,623592,,
003,xt1.021.003.info.yml.gz,746,623670,,,623669,
003,xt1.021.003.info.yml.gz,747,623671,623618,,,
003,xt1.021.003.info.yml.gz,748,623673,,623618,,
003,xt1.021.003.info.yml.gz,753,623699,623644,,,
003,xt1.021.003.info.yml.gz,754,623700,,623643,,
003,xt1.021.003.info.yml.gz,759,623730,,,,623730
003,xt1.021.003.info.yml.gz,761,623739,,623670,,
003,xt1.021.003.info.yml.gz,763,623749,623670,,,
003,xt1.021.003.info.yml.gz,765,623760,623696,,,
003,xt1.021.003.info.yml.gz,766,623762,,623695,,
003,xt1.021.003.info.yml.gz,767,623769,,,623769,
003,xt1.021.003.info.yml.gz,770,623785,623721,,,
003,xt1.021.003.info.yml.gz,772,623796,,623720,,
003,xt1.021.003.info.yml.gz,774,623812,623746,,,
003,xt1.021.003.info.yml.gz,777,623824,,623746,,
003,xt1.021.003.info.yml.gz,779,623830,,,,623830
003,xt1.021.003.info.yml.gz,781,623847,623773,,,
003,xt1.021.003.info.yml.gz,783,623863,,623772,,
003,xt1.021.003.info.yml.gz,784,623866,623798,,,
003,xt1.021.003.info.yml.gz,786,623870,,,623869,
003,xt1.021.003.info.yml.gz,788,623876,,623797,,
003,xt1.021.003.info.yml.gz,791,623885,623823,,,
003,xt1.021.003.info.yml.gz,792,623886,,623823,,
003,xt1.021.003.info.yml.gz,795,623903,623850,,,
003,xt1.021.003.info.yml.gz,796,623907,,623849,,
003,xt1.021.003.info.yml.gz,799,623930,,623876,,623930
003,xt1.021.003.info.yml.gz,800,623932,623877,,,
003,xt1.021.003.info.yml.gz,804,623955,,623902,,
003,xt1.021.003.info.yml.gz,805,623956,623903,,,
003,xt1.021.003.info.yml.gz,808,623970,,,623969,
003,xt1.021.003.info.yml.gz,810,623981,623928,,,
003,xt1.021.003.info.yml.gz,811,623983,,623927,,
003,xt1.021.003.info.yml.gz,817,624009,623954,,,
003,xt1.021.003.info.yml.gz,818,624011,,623953,,
003,xt1.021.003.info.yml.gz,821,624031,,,,624030
003,xt1.021.003.info.yml.gz,822,624033,623980,,,
003,xt1.021.003.info.yml.gz,823,624034,,623979,,
003,xt1.021.003.info.yml.gz,827,624061,,624004,,
003,xt1.021.003.info.yml.gz,828,624064,624005,,,
003,xt1.021.003.info.yml.gz,830,624071,,,624070,
003,xt1.021.003.info.yml.gz,834,624088,624031,,,
003,xt1.021.003.info.yml.gz,835,624089,,624030,,
003,xt1.021.003.info.yml.gz,838,624108,624057,,,
003,xt1.021.003.info.yml.gz,839,624111,,624057,,
003,xt1.021.003.info.yml.gz,843,624132,,,,624131
003,xt1.021.003.info.yml.gz,844,624136,,624082,,
003,xt1.021.003.info.yml.gz,847,624151,624083,,,
003,xt1.021.003.info.yml.gz,849,624162,624108,,,
003,xt1.021.003.info.yml.gz,850,624164,,624107,,
003,xt1.021.003.info.yml.gz,852,624170,,,624169,
003,xt1.021.003.info.yml.gz,857,624193,,624134,,
003,xt1.021.003.info.yml.gz,858,624195,624134,,,
003,xt1.021.003.info.yml.gz,861,624212,624161,,,
003,xt1.021.003.info.yml.gz,862,624213,,624160,,
003,xt1.021.003.info.yml.gz,865,624231,,,,624230
003,xt1.021.003.info.yml.gz,867,624238,,624185,,
003,xt1.021.003.info.yml.gz,868,624240,624186,,,
003,xt1.021.003.info.yml.gz,870,624262,624212,,,
003,xt1.021.003.info.yml.gz,871,624264,,624211,,
003,xt1.021.003.info.yml.gz,873,624269,,,624269,
003,xt1.021.003.info.yml.gz,876,624287,624238,,,
003,xt1.021.003.info.yml.gz,877,624289,,624237,,
003,xt1.021.003.info.yml.gz,880,624313,624264,,,
003,xt1.021.003.info.yml.gz,881,624315,,624263,,
003,xt1.021.003.info.yml.gz,885,624330,,,,624330
003,xt1.021.003.info.yml.gz,887,624342,624289,,,
003,xt1.021.003.info.yml.gz,888,624344,,624288,,
003,xt1.021.003.info.yml.gz,891,624367,,624313,,
003,xt1.021.003.info.yml.gz,893,624369,624314,,,
003,xt1.021.003.info.yml.gz,894,624370,,,624370,
003,xt1.021.003.info.yml.gz,899,624391,,624340,,
003,xt1.021.003.info.yml.gz,900,624392,624341,,,
003,xt1.021.003.info.yml.gz,903,624416,,624365,,
003,xt1.021.003.info.yml.gz,904,624418,624366,,,
003,xt1.021.003.info.yml.gz,907,624431,,,,624430
003,xt1.021.003.info.yml.gz,911,624456,,624390,,
003,xt1.021.003.info.yml.gz,912,624457,624391,,,
003,xt1.021.003.info.yml.gz,914,624469,,,624469,
003,xt1.021.003.info.yml.gz,915,624476,,624417,,
003,xt1.021.003.info.yml.gz,917,624480,624417,,,
003,xt1.021.003.info.yml.gz,921,624500,,624442,,
003,xt1.021.003.info.yml.gz,923,624508,624443,,,
003,xt1.021.003.info.yml.gz,925,624525,,624467,,
003,xt1.021.003.info.yml.gz,926,624527,624468,,,
003,xt1.021.003.info.yml.gz,927,624530,,,,624530
003,xt1.021.003.info.yml.gz,930,624551,624494,,,
003,xt1.021.003.info.yml.gz,931,624556,,624493,,
003,xt1.021.003.info.yml.gz,934,624570,,,624569,
003,xt1.021.003.info.yml.gz,935,624575,,624521,,
003,xt1.021.003.info.yml.gz,936,624577,624522,,,
003,xt1.021.003.info.yml.gz,940,624604,624548,,,
003,xt1.021.003.info.yml.gz,941,624605,,624547,,
003,xt1.021.003.info.yml.gz,946,624630,624574,,,
003,xt1.021.003.info.yml.gz,947,624631,,,,624630
003,xt1.021.003.info.yml.gz,948,624635,,624573,,
003,xt1.021.003.info.yml.gz,951,624653,,624600,,
003,xt1.021.003.info.yml.gz,952,624654,624600,,,
003,xt1.021.003.info.yml.gz,954,624670,,,624669,
003,xt1.021.003.info.yml.gz,955,624677,624626,,,
003,xt1.021.003.info.yml.gz,956,624679,,624625,,
003,xt1.021.003.info.yml.gz,962,624709,624651,,,
003,xt1.021.003.info.yml.gz,963,624712,,624650,,
003,xt1.021.003.info.yml.gz,966,624730,624678,,,
003,xt1.021.003.info.yml.gz,967,624731,,624677,,624731
003,xt1.021.003.info.yml.gz,970,624758,624703,,,
003,xt1.021.003.info.yml.gz,971,624759,,624702,,
003,xt1.021.003.info.yml.gz,972,624770,,,624769,
003,xt1.021.003.info.yml.gz,975,624786,624728,,,
003,xt1.021.003.info.yml.gz,976,624787,,624727,,
003,xt1.021.003.info.yml.gz,978,624807,624753,,,
003,xt1.021.003.info.yml.gz,981,624811,,624752,,
003,xt1.021.003.info.yml.gz,985,624830,,,,624830
003,xt1.021.003.info.yml.gz,986,624834,624780,,,
003,xt1.021.003.info.yml.gz,987,624835,,624779,,
003,xt1.021.003.info.yml.gz,990,624858,624805,,,
003,xt1.021.003.info.yml.gz,991,624862,,624804,,
003,xt1.021.003.info.yml.gz,993,624870,,,624869,
003,xt1.021.003.info.yml.gz,998,624890,624830,,,
003,xt1.021.003.info.yml.gz,999,624893,,624830,,
003,xt1.021.003.info.yml.gz,1002,624909,624857,,,
003,xt1.021.003.info.yml.gz,1003,624910,,624856,,
003,xt1.021.003.info.yml.gz,1007,624931,,,,624930
003,xt1.021.003.info.yml.gz,1008,624934,,624881,,
003,xt1.021.003.info.yml.gz,1009,624936,624882,,,
003,xt1.021.003.info.yml.gz,1011,624968,624907,624906,,
003,xt1.021.003.info.yml.gz,1012,624969,,,624969,
003,xt1.021.003.info.yml.gz,1016,624992,624933,,,
003,xt1.021.003.info.yml.gz,1017,624994,,624932,,
003,xt1.021.003.info.yml.gz,1020,625014,624959,,,
003,xt1.021.003.info.yml.gz,1021,625015,,624958,,
003,xt1.021.003.info.yml.gz,1024,625031,,,,625030
003,xt1.021.003.info.yml.gz,1026,625039,624984,,,
003,xt1.021.003.info.yml.gz,1027,625041,,624984,,
003,xt1.021.003.info.yml.gz,1031,625061,625010,,,
003,xt1.021.003.info.yml.gz,1032,625063,,625009,,
003,xt1.021.003.info.yml.gz,1034,625070,,,625069,
003,xt1.021.003.info.yml.gz,1036,625086,625036,,,
003,xt1.021.003.info.yml.gz,1038,625088,,625035,,
003,xt1.021.003.info.yml.gz,1042,625114,625064,,,
003,xt1.021.003.info.yml.gz,1043,625116,,625063,,
003,xt1.021.003.info.yml.gz,1045,625131,,,,625130
003,xt1.021.003.info.yml.gz,1047,625140,625090,,,
003,xt1.021.003.info.yml.gz,1048,625142,,625089,,
003,xt1.021.003.info.yml.gz,1051,625166,625115,,,
003,xt1.021.003.info.yml.gz,1052,625168,,625114,,
003,xt1.021.003.info.yml.gz,1053,625170,,,625169,
003,xt1.021.003.info.yml.gz,1056,625187,625142,,,
003,xt1.021.003.info.yml.gz,1060,625206,,625141,,
003,xt1.021.003.info.yml.gz,1063,625218,625167,,,
003,xt1.021.003.info.yml.gz,1064,625220,,625166,,
003,xt1.021.003.info.yml.gz,1066,625230,,,,625230
003,xt1.021.003.info.yml.gz,1068,625245,625192,,,
003,xt1.021.003.info.yml.gz,1069,625246,,625191,,
003,xt1.021.003.info.yml.gz,1073,625270,,,625269,
003,xt1.021.003.info.yml.gz,1074,625276,625217,,,
003,xt1.021.003.info.yml.gz,1075,625277,,625217,,
003,xt1.021.003.info.yml.gz,1080,625306,,625243,,
003,xt1.021.003.info.yml.gz,1081,625310,625244,,,
003,xt1.021.003.info.yml.gz,1084,625326,,625268,,
003,xt1.021.003.info.yml.gz,1085,625327,625269,,,
003,xt1.021.003.info.yml.gz,1086,625331,,,,625330
003,xt1.021.003.info.yml.gz,1089,625351,,625294,,
003,xt1.021.003.info.yml.gz,1090,625352,625295,,,
003,xt1.021.003.info.yml.gz,1093,625371,,,625370,
003,xt1.021.003.info.yml.gz,1095,625381,625321,,,
003,xt1.021.003.info.yml.gz,1096,625382,,625321,,
003,xt1.021.003.info.yml.gz,1100,625402,625347,625346,,
003,xt1.021.003.info.yml.gz,1103,625428,625372,,,
003,xt1.021.003.info.yml.gz,1104,625429,,625371,,
003,xt1.021.003.info.yml.gz,1105,625430,,,,625430
003,xt1.021.003.info.yml.gz,1109,625452,625397,,,
003,xt1.021.003.info.yml.gz,1110,625458,,625396,,
003,xt1.021.003.info.yml.gz,1112,625470,,,625469,
003,xt1.021.003.info.yml.gz,1113,625477,625424,,,
003,xt1.021.003.info.yml.gz,1114,625478,,625423,,
003,xt1.021.003.info.yml.gz,1118,625503,625449,,,
003,xt1.021.003.info.yml.gz,1121,625514,,625448,,
003,xt1.021.003.info.yml.gz,1124,625532,625474,625474,,625531
003,xt1.021.003.info.yml.gz,1130,625567,625501,,,
003,xt1.021.003.info.yml.gz,1131,625568,,625500,,
003,xt1.021.003.info.yml.gz,1132,625570,,,625569,
003,xt1.021.003.info.yml.gz,1134,625581,625527,,,
003,xt1.021.003.info.yml.gz,1135,625583,,625526,,
003,xt1.021.003.info.yml.gz,1138,625603,625552,,,
003,xt1.021.003.info.yml.gz,1139,625612,,625551,,
003,xt1.021.003.info.yml.gz,1142,625628,625577,,,
003,xt1.021.003.info.yml.gz,1143,625630,,625576,,
003,xt1.021.003.info.yml.gz,1144,625631,,,,625630
003,xt1.021.003.info.yml.gz,1148,625662,625604,,,
003,xt1.021.003.info.yml.gz,1150,625670,,,625669,
003,xt1.021.003.info.yml.gz,1151,625671,,625603,,
003,xt1.021.003.info.yml.gz,1154,625683,625629,,,
003,xt1.021.003.info.yml.gz,1155,625685,,625628,,
003,xt1.021.003.info.yml.gz,1159,625714,625655,,,
003,xt1.021.003.info.yml.gz,1160,625715,,625655,,
003,xt1.021.003.info.yml.gz,1164,625730,,,,625730
003,xt1.021.003.info.yml.gz,1165,625735,625682,,,
003,xt1.021.003.info.yml.gz,1166,625737,,625681,,
003,xt1.021.003.info.yml.gz,1170,625759,,625709,,
003,xt1.021.003.info.yml.gz,1171,625763,625710,,,
003,xt1.021.003.info.yml.gz,1173,625772,,,625769,
003,xt1.021.003.info.yml.gz,1178,625789,625735,,,
003,xt1.021.003.info.yml.gz,1179,625790,,625734,,
003,xt1.021.003.info.yml.gz,1182,625814,,625759,,
003,xt1.021.003.info.yml.gz,1183,625818,625760,,,
003,xt1.021.003.info.yml.gz,1185,625831,,,,625830
003,xt1.021.003.info.yml.gz,1188,625844,,625786,,
003,xt1.021.003.info.yml.gz,1189,625845,625787,,,
003,xt1.021.003.info.yml.gz,1192,625865,,625811,,
003,xt1.021.003.info.yml.gz,1193,625868,625812,,,
003,xt1.021.003.info.yml.gz,1194,625870,,,625869,
003,xt1.021.003.info.yml.gz,1197,625889,,625837,,
003,xt1.021.003.info.yml.gz,1198,625891,625838,,,
003,xt1.021.003.info.yml.gz,1202,625918,,625863,,
003,xt1.021.003.info.yml.gz,1203,625920,625864,,,
003,xt1.021.003.info.yml.gz,1205,625933,,,,625932
003,xt1.021.003.info.yml.gz,1206,625940,,625890,,
003,xt1.021.003.info.yml.gz,1207,625943,625891,,,
003,xt1.021.003.info.yml.gz,1212,625970,,625915,625969,
003,xt1.021.003.info.yml.gz,1213,625973,625916,,,
003,xt1.021.003.info.yml.gz,1219,626012,,625940,,
003,xt1.021.003.info.yml.gz,1221,626020,625941,,,
003,xt1.021.003.info.yml.gz,1224,626031,,,,626030
003,xt1.021.003.info.yml.gz,1225,626035,,625966,,
003,xt1.021.003.info.yml.gz,1227,626046,625967,,,
003,xt1.021.003.info.yml.gz,1230,626060,625993,,,
003,xt1.021.003.info.yml.gz,1231,626069,,625992,,
003,xt1.021.003.info.yml.gz,1232,626070,,,626070,
003,xt1.021.003.info.yml.gz,1234,626081,626018,,,
003,xt1.021.003.info.yml.gz,1237,626092,,626018,,
003,xt1.021.003.info.yml.gz,1238,626093,626045,,,
003,xt1.021.003.info.yml.gz,1242,626119,,626044,,
003,xt1.021.003.info.yml.gz,1244,626129,626070,,,
003,xt1.021.003.info.yml.gz,1245,626131,,,,626130
003,xt1.021.003.info.yml.gz,1247,626139,,626069,,
003,xt1.021.003.info.yml.gz,1249,626149,626095,,,
003,xt1.021.003.info.yml.gz,1250,626150,,626094,,
003,xt1.021.003.info.yml.gz,1253,626170,,,626169,
003,xt1.021.003.info.yml.gz,1254,626176,626121,,,
003,xt1.021.003.info.yml.gz,1256,626181,,626120,,
003,xt1.021.003.info.yml.gz,1259,626204,,626146,,
003,xt1.021.003.info.yml.gz,1260,626205,626147,,,
003,xt1.021.003.info.yml.gz,1264,626230,626172,,,626230
003,xt1.021.003.info.yml.gz,1265,626231,,626171,,
003,xt1.021.003.info.yml.gz,1269,626260,,626197,,
003,xt1.021.003.info.yml.gz,1271,626263,626197,,,
003,xt1.021.003.info.yml.gz,1273,626271,,,626270,
003,xt1.021.003.info.yml.gz,1276,626289,,626223,,
003,xt1.021.003.info.yml.gz,1280,626298,626224,,,
003,xt1.021.003.info.yml.gz,1282,626308,,626248,,
003,xt1.021.003.info.yml.gz,1285,626330,,,,626330
003,xt1.021.003.info.yml.gz,1286,626337,626249,,,
003,xt1.021.003.info.yml.gz,1287,626339,,626274,,
003,xt1.021.003.info.yml.gz,1291,626359,626274,,,
003,xt1.021.003.info.yml.gz,1292,626364,,626299,,
003,xt1.021.003.info.yml.gz,1294,626371,,,626370,
003,xt1.021.003.info.yml.gz,1297,626392,626300,626326,,
003,xt1.021.003.info.yml.gz,1300,626408,626326,,,
003,xt1.021.003.info.yml.gz,1301,626414,,626353,,
003,xt1.021.003.info.yml.gz,1305,626429,626354,,,
003,xt1.021.003.info.yml.gz,1306,626431,,,,626431
003,xt1.021.003.info.yml.gz,1308,626443,626379,,,
003,xt1.021.003.info.yml.gz,1309,626444,,626378,,
003,xt1.021.003.info.yml.gz,1312,626460,,626405,,
003,xt1.021.003.info.yml.gz,1313,626462,626405,,,
003,xt1.021.003.info.yml.gz,1315,626470,,,626469,
003,xt1.021.003.info.yml.gz,1319,626485,,626430,,
003,xt1.021.003.info.yml.gz,1320,626486,626431,,,
003,xt1.021.003.info.yml.gz,1324,626510,,626455,,
003,xt1.021.003.info.yml.gz,1325,626513,626456,,,
003,xt1.021.003.info.yml.gz,1327,626531,,,,626531
003,xt1.021.003.info.yml.gz,1329,626535,,626480,,
003,xt1.021.003.info.yml.gz,1331,626537,626481,,,
003,xt1.021.003.info.yml.gz,1335,626562,,626507,,
003,xt1.021.003.info.yml.gz,1336,626563,626508,,,
003,xt1.021.003.info.yml.gz,1338,626571,,,626570,
003,xt1.021.003.info.yml.gz,1342,626590,626533,,,
003,xt1.021.003.info.yml.gz,1343,626592,,626532,,
003,xt1.021.003.info.yml.gz,1346,626614,,626557,,
003,xt1.021.003.info.yml.gz,1348,626625,626558,,,
003,xt1.021.003.info.yml.gz,1350,626630,,,,626630
003,xt1.021.003.info.yml.gz,1351,626638,626584,,,
003,xt1.021.003.info.yml.gz,1353,626648,,626583,,
003,xt1.021.003.info.yml.gz,1356,626664,626610,,,
003,xt1.021.003.info.yml.gz,1357,626665,,626609,,
003,xt1.021.003.info.yml.gz,1358,626669,,,626669,
003,xt1.021.003.info.yml.gz,1362,626689,,626635,,
003,xt1.021.003.info.yml.gz,1364,626691,626636,,,
003,xt1.021.003.info.yml.gz,1367,626714,,626660,,
003,xt1.021.003.info.yml.gz,1368,626717,626661,,,
003,xt1.021.003.info.yml.gz,1371,626731,,,,626730
003,xt1.021.003.info.yml.gz,1373,626746,626687,,,
003,xt1.021.003.info.yml.gz,1374,626747,,626686,,
003,xt1.021.003.info.yml.gz,1377,626763,,626711,,
003,xt1.021.003.info.yml.gz,1378,626767,626712,,,
003,xt1.021.003.info.yml.gz,1380,626770,,,626769,
003,xt1.021.003.info.yml.gz,1383,626791,,626737,,
003,xt1.021.003.info.yml.gz,1384,626794,626737,,,
003,xt1.021.003.info.yml.gz,1389,626818,,626762,,
003,xt1.021.003.info.yml.gz,1390,626821,626763,,,
003,xt1.021.003.info.yml.gz,1392,626831,,,,626831
003,xt1.021.003.info.yml.gz,1394,626845,,626789,,
003,xt1.021.003.info.yml.gz,1396,626858,626790,,,
003,xt1.021.003.info.yml.gz,1399,626870,,,626869,
003,xt1.021.003.info.yml.gz,1400,626876,,626814,,
003,xt1.021.003.info.yml.gz,1403,626888,626815,,,
003,xt1.021.003.info.yml.gz,1405,626900,626840,,,
003,xt1.021.003.info.yml.gz,1406,626905,,626839,,
003,xt1.021.003.info.yml.gz,1409,626925,626867,,,
003,xt1.021.003.info.yml.gz,1410,626926,,626866,,
003,xt1.021.003.info.yml.gz,1411,626931,,,,626930
003,xt1.021.003.info.yml.gz,1416,626970,,626892,626969,
003,xt1.021.003.info.yml.gz,1418,626977,626892,,,
003,xt1.021.003.info.yml.gz,1420,626987,,626917,,
003,xt1.021.003.info.yml.gz,1423,627002,626918,,,
003,xt1.021.003.info.yml.gz,1426,627018,,626942,,
003,xt1.021.003.info.yml.gz,1427,627024,626943,,,
003,xt1.021.003.info.yml.gz,1429,627030,,,,627030
003,xt1.021.003.info.yml.gz,1430,627035,,626970,,
003,xt1.021.003.info.yml.gz,1433,627047,626970,,,
003,xt1.021.003.info.yml.gz,1436,627060,,626999,,
003,xt1.021.003.info.yml.gz,1438,627069,627000,,,
003,xt1.021.003.info.yml.gz,1439,627070,,,627069,
003,xt1.021.003.info.yml.gz,1442,627084,,627024,,
003,xt1.021.003.info.yml.gz,1443,627085,627025,,,
003,xt1.021.003.info.yml.gz,1447,627109,,627050,,
003,xt1.021.003.info.yml.gz,1448,627110,627051,,,
003,xt1.021.003.info.yml.gz,1451,627128,,627075,,
003,xt1.021.003.info.yml.gz,1452,627130,627076,,,
003,xt1.021.003.info.yml.gz,1453,627131,,,,627130
003,xt1.021.003.info.yml.gz,1456,627157,627102,,,
003,xt1.021.003.info.yml.gz,1457,627159,,627101,,
003,xt1.021.003.info.yml.gz,1459,627170,,,627169,
003,xt1.021.003.info.yml.gz,1463,627190,627127,,,
003,xt1.021.003.info.yml.gz,1464,627197,,627126,,
003,xt1.021.003.info.yml.gz,1467,627210,627153,,,
003,xt1.021.003.info.yml.gz,1468,627212,,627152,,
003,xt1.021.003.info.yml.gz,1471,627231,,,,627230
003,xt1.021.003.info.yml.gz,1472,627232,627179,,,
003,xt1.021.003.info.yml.gz,1473,627233,,627178,,
003,xt1.021.003.info.yml.gz,1479,627270,627204,,627270,
003,xt1.021.003.info.yml.gz,1481,627279,,627203,,
003,xt1.021.003.info.yml.gz,1484,627301,,627229,,
003,xt1.021.003.info.yml.gz,1485,627308,627230,,,
003,xt1.021.003.info.yml.gz,1488,627325,,627260,,
003,xt1.021.003.info.yml.gz,1490,627331,,,,627330
003,xt1.021.003.info.yml.gz,1492,627339,627261,,,
003,xt1.021.003.info.yml.gz,1494,627351,,627286,,
003,xt1.021.003.info.yml.gz,1495,627356,627287,,,
003,xt1.021.003.info.yml.gz,1497,627366,,627311,,
003,xt1.021.003.info.yml.gz,1499,627369,,,627369,
003,xt1.021.003.info.yml.gz,1500,627373,627312,,,
003,xt1.021.003.info.yml.gz,1505,627392,,627338,,
003,xt1.021.003.info.yml.gz,1506,627394,627339,,,
003,xt1.021.003.info.yml.gz,1509,627417,,627363,,
003,xt1.021.003.info.yml.gz,1511,627420,627364,,,
003,xt1.021.003.info.yml.gz,1513,627432,,,,627431
003,xt1.021.003.info.yml.gz,1515,627444,,627388,,
003,xt1.021.003.info.yml.gz,1517,627448,627389,,,
003,xt1.021.003.info.yml.gz,1519,627470,,,627469,
003,xt1.021.003.info.yml.gz,1520,627473,627416,,,
003,xt1.021.003.info.yml.gz,1521,627477,,627415,,
003,xt1.021.003.info.yml.gz,1526,627502,,627442,,
003,xt1.021.003.info.yml.gz,1528,627509,627443,,,
003,xt1.021.003.info.yml.gz,1530,627530,,627467,,
003,xt1.021.003.info.yml.gz,1531,627531,,,,627530
003,xt1.021.003.info.yml.gz,1533,627542,,627492,,
003,xt1.021.003.info.yml.gz,1534,627546,627468,,,
003,xt1.021.003.info.yml.gz,1539,627571,,,627570,
003,xt1.021.003.info.yml.gz,1540,627574,,627519,,
003,xt1.021.003.info.yml.gz,1541,627575,627493,,,
003,xt1.021.003.info.yml.gz,1545,627592,627520,,,
003,xt1.021.003.info.yml.gz,1547,627605,,627544,,
003,xt1.021.003.info.yml.gz,1549,627613,627545,,,
003,xt1.021.003.info.yml.gz,1551,627628,,627569,,
003,xt1.021.003.info.yml.gz,1553,627631,627570,,,627631
003,xt1.021.003.info.yml.gz,1555,627649,,627595,,
003,xt1.021.003.info.yml.gz,1556,627650,627595,,,
003,xt1.021.003.info.yml.gz,1559,627670,,,627670,
003,xt1.021.003.info.yml.gz,1560,627675,,627621,,
003,xt1.021.003.info.yml.gz,1561,627677,627622,,,
003,xt1.021.003.info.yml.gz,1565,627701,627648,,,
003,xt1.021.003.info.yml.gz,1566,627702,,627647,,
003,xt1.021.003.info.yml.gz,1570,627726,,627672,,
003,xt1.021.003.info.yml.gz,1571,627729,627673,,,
003,xt1.021.003.info.yml.gz,1573,627733,,,,627733
003,xt1.021.003.info.yml.gz,1576,627759,,627698,,
003,xt1.021.003.info.yml.gz,1577,627774,627699,,627769,
003,xt1.021.003.info.yml.gz,1579,627777,,627724,,
003,xt1.021.003.info.yml.gz,1580,627782,627725,,,
003,xt1.021.003.info.yml.gz,1583,627806,,627749,,
003,xt1.021.003.info.yml.gz,1584,627808,627750,,,
003,xt1.021.003.info.yml.gz,1587,627828,,627776,,
003,xt1.021.003.info.yml.gz,1588,627830,627777,,,
003,xt1.021.003.info.yml.gz,1589,627831,,,,627830
003,xt1.021.003.info.yml.gz,1593,627860,,627803,,
003,xt1.021.003.info.yml.gz,1595,627864,627804,,,
003,xt1.021.003.info.yml.gz,1596,627870,,,627869,
003,xt1.021.003.info.yml.gz,1602,627899,,627828,,
003,xt1.021.003.info.yml.gz,1604,627905,627829,,,
003,xt1.021.003.info.yml.gz,1606,627921,,627853,,
003,xt1.021.003.info.yml.gz,1607,627927,627854,,,
003,xt1.021.003.info.yml.gz,1608,627931,,,,627931
003,xt1.021.003.info.yml.gz,1610,627946,,627881,,
003,xt1.021.003.info.yml.gz,1612,627957,627882,,,
003,xt1.021.003.info.yml.gz,1614,627965,,627906,,
003,xt1.021.003.info.yml.gz,1615,627968,627907,,,
003,xt1.021.003.info.yml.gz,1616,627970,,,627970,
003,xt1.021.003.info.yml.gz,1621,627993,627938,,,
003,xt1.021.003.info.yml.gz,1622,627995,,627937,,
003,xt1.021.003.info.yml.gz,1625,628017,,627964,,
003,xt1.021.003.info.yml.gz,1626,628019,627965,,,
003,xt1.021.003.info.yml.gz,1628,628030,,,,628030
003,xt1.021.003.info.yml.gz,1631,628044,627990,,,
003,xt1.021.003.info.yml.gz,1632,628045,,627989,,
003,xt1.021.003.info.yml.gz,1635,628069,628015,,628069,
003,xt1.021.003.info.yml.gz,1637,628071,,628014,,
003,xt1.021.003.info.yml.gz,1641,628094,628041,,,
003,xt1.021.003.info.yml.gz,1642,628096,,628040,,
003,xt1.021.003.info.yml.gz,1646,628121,628067,,,
003,xt1.021.003.info.yml.gz,1647,628125,,628067,,
003,xt1.021.003.info.yml.gz,1649,628130,,,,628130
003,xt1.021.003.info.yml.gz,1651,628148,628093,,,
003,xt1.021.003.info.yml.gz,1652,628153,,628092,,
003,xt1.021.003.info.yml.gz,1654,628174,628118,,628169,
003,xt1.021.003.info.yml.gz,1655,628177,,628117,,
003,xt1.021.003.info.yml.gz,1660,628212,628145,628144,,
003,xt1.021.003.info.yml.gz,1663,628231,,,,628230
003,xt1.021.003.info.yml.gz,1664,628234,628170,,,
003,xt1.021.003.info.yml.gz,1666,628243,,628169,,
003,xt1.021.003.info.yml.gz,1668,628259,628195,,,
003,xt1.021.003.info.yml.gz,1669,628264,,628194,,
003,xt1.021.003.info.yml.gz,1671,628270,628220,,628270,
003,xt1.021.003.info.yml.gz,1672,628277,,628220,,
003,xt1.021.003.info.yml.gz,1676,628304,628248,,,
003,xt1.021.003.info.yml.gz,1677,628306,,628247,,
003,xt1.021.003.info.yml.gz,1680,628324,628273,,,
003,xt1.021.003.info.yml.gz,1681,628325,,628272,,
003,xt1.021.003.info.yml.gz,1683,628331,,,,628330
003,xt1.021.003.info.yml.gz,1685,628349,628298,,,
003,xt1.021.003.info.yml.gz,1687,628354,,628297,,
003,xt1.021.003.info.yml.gz,1689,628370,,,628370,
003,xt1.021.003.info.yml.gz,1693,628388,628324,,,
003,xt1.021.003.info.yml.gz,1694,628389,,628324,,
003,xt1.021.003.info.yml.gz,1698,628410,628351,,,
003,xt1.021.003.info.yml.gz,1700,628415,,628350,,
003,xt1.021.003.info.yml.gz,1703,628430,628376,,,628430
003,xt1.021.003.info.yml.gz,1704,628431,,628375,,
003,xt1.021.003.info.yml.gz,1707,628454,,628400,,
003,xt1.021.003.info.yml.gz,1708,628456,628401,,,
003,xt1.021.003.info.yml.gz,1710,628470,,,628469,
003,xt1.021.003.info.yml.gz,1714,628496,,628427,,
003,xt1.021.003.info.yml.gz,1716,628505,628428,,,
003,xt1.021.003.info.yml.gz,1718,628514,,628452,,
003,xt1.021.003.info.yml.gz,1720,628529,628453,,,
003,xt1.021.003.info.yml.gz,1721,628530,,,,628530
003,xt1.021.003.info.yml.gz,1722,628539,,628477,,
003,xt1.021.003.info.yml.gz,1725,628551,628478,,,
003,xt1.021.003.info.yml.gz,1726,628556,,628503,,
003,xt1.021.003.info.yml.gz,1728,628565,628503,,,
003,xt1.021.003.info.yml.gz,1729,628570,,,628569,
003,xt1.021.003.info.yml.gz,1732,628592,,628529,,
003,xt1.021.003.info.yml.gz,1733,628602,628530,,,
003,xt1.021.003.info.yml.gz,1734,628615,628556,,,
003,xt1.021.003.info.yml.gz,1737,628625,,628555,,
003,xt1.021.003.info.yml.gz,1738,628630,,,,628630
003,xt1.021.003.info.yml.gz,1739,628638,628581,,,
003,xt1.021.003.info.yml.gz,1741,628640,,628580,,
003,xt1.021.003.info.yml.gz,1744,628665,,628608,,
003,xt1.021.003.info.yml.gz,1745,628667,628609,,,
003,xt1.021.003.info.yml.gz,1746,628670,,,628669,
003,xt1.021.003.info.yml.gz,1751,628688,,628633,,
003,xt1.021.003.info.yml.gz,1752,628689,628634,,,
003,xt1.021.003.info.yml.gz,1755,628714,628659,,,
003,xt1.021.003.info.yml.gz,1756,628716,,628658,,
003,xt1.021.003.info.yml.gz,1759,628731,,,,628730
003,xt1.021.003.info.yml.gz,1760,628736,,628684,,
003,xt1.021.003.info.yml.gz,1761,628739,628684,,,
003,xt1.021.003.info.yml.gz,1765,628763,628711,,,
003,xt1.021.003.info.yml.gz,1766,628765,,628710,,
003,xt1.021.003.info.yml.gz,1768,628771,,,628770,
003,xt1.021.003.info.yml.gz,1771,628790,628736,,,
003,xt1.021.003.info.yml.gz,1773,628801,,628735,,
003,xt1.021.003.info.yml.gz,1777,628818,,628761,,
003,xt1.021.003.info.yml.gz,1778,628819,628762,,,
003,xt1.021.003.info.yml.gz,1780,628830,,,,628830
003,xt1.021.003.info.yml.gz,1782,628844,628787,,,
003,xt1.021.003.info.yml.gz,1783,628845,,628786,,
003,xt1.021.003.info.yml.gz,1786,628862,628813,,,
003,xt1.021.003.info.yml.gz,1787,628863,,628812,,
003,xt1.021.003.info.yml.gz,1789,628870,,,628869,
003,xt1.021.003.info.yml.gz,1792,628893,,628838,,
003,xt1.021.003.info.yml.gz,1793,628895,628838,,,
003,xt1.021.003.info.yml.gz,1796,628917,628864,,,
003,xt1.021.003.info.yml.gz,1797,628919,,628863,,
003,xt1.021.003.info.yml.gz,1800,628931,,,,628930
003,xt1.021.003.info.yml.gz,1802,628940,628890,,,
003,xt1.021.003.info.yml.gz,1803,628942,,628889,,
003,xt1.021.003.info.yml.gz,1806,628966,628916,,,
003,xt1.021.003.info.yml.gz,1807,628968,,628915,,
003,xt1.021.003.info.yml.gz,1808,628970,,,628969,
003,xt1.021.003.info.yml.gz,1813,628993,628941,,,
003,xt1.021.003.info.yml.gz,1814,628995,,628940,,
003,xt1.021.003.info.yml.gz,1818,629023,,628966,,
003,xt1.021.003.info.yml.gz,1819,629024,628967,,,
003,xt1.021.003.info.yml.gz,1821,629031,,,,629030
003,xt1.021.003.info.yml.gz,1824,629049,628994,,,
003,xt1.021.003.info.yml.gz,1825,629050,,628993,,
003,xt1.021.003.info.yml.gz,1827,629070,,,629069,
003,xt1.021.003.info.yml.gz,1829,629081,629020,,,
003,xt1.021.003.info.yml.gz,1830,629083,,629019,,
003,xt1.021.003.info.yml.gz,1835,629117,,629044,,
003,xt1.021.003.info.yml.gz,1837,629125,629045,,,
003,xt1.021.003.info.yml.gz,1838,629131,,,,629130
003,xt1.021.003.info.yml.gz,1840,629136,,629070,,
003,xt1.021.003.info.yml.gz,1841,629137,629071,,,
003,xt1.021.003.info.yml.gz,1845,629154,,629096,,
003,xt1.021.003.info.yml.gz,1846,629155,629097,,,
003,xt1.021.003.info.yml.gz,1848,629170,,,629170,
003,xt1.021.003.info.yml.gz,1850,629178,629123,,,
003,xt1.021.003.info.yml.gz,1851,629179,,629122,,
003,xt1.021.003.info.yml.gz,1857,629208,629149,,,
003,xt1.021.003.info.yml.gz,1858,629209,,629148,,
003,xt1.021.003.info.yml.gz,1861,629229,629175,,,
003,xt1.021.003.info.yml.gz,1862,629230,,629174,,629230
003,xt1.021.003.info.yml.gz,1866,629256,,629199,,
003,xt1.021.003.info.yml.gz,1868,629260,629200,,,
003,xt1.021.003.info.yml.gz,1870,629270,,,629269,
003,xt1.021.003.info.yml.gz,1874,629285,629225,,,
003,xt1.021.003.info.yml.gz,1876,629291,,629224,,
003,xt1.021.003.info.yml.gz,1879,629313,629251,,,
003,xt1.021.003.info.yml.gz,1882,629323,,629250,,
003,xt1.021.003.info.yml.gz,1883,629330,629277,,,
003,xt1.021.003.info.yml.gz,1884,629333,,,,629331
003,xt1.021.003.info.yml.gz,1885,629334,,629276,,
003,xt1.021.003.info.yml.gz,1889,629361,629302,,,
003,xt1.021.003.info.yml.gz,1890,629371,,,629369,
003,xt1.021.003.info.yml.gz,1895,629391,,629301,,
003,xt1.021.003.info.yml.gz,1896,629399,629328,,,
003,xt1.021.003.info.yml.gz,1899,629411,,629328,,
003,xt1.021.003.info.yml.gz,1901,629423,629354,,,
003,xt1.021.003.info.yml.gz,1903,629431,,,,629430
003,xt1.021.003.info.yml.gz,1904,629438,,629353,,
003,xt1.021.003.info.yml.gz,1907,629452,629380,,,
003,xt1.021.003.info.yml.gz,1908,629458,,629379,,
003,xt1.021.003.info.yml.gz,1910,629471,,,629470,
003,xt1.021.003.info.yml.gz,1911,629473,,629404,,
003,xt1.021.003.info.yml.gz,1912,629479,629405,,,
003,xt1.021.003.info.yml.gz,1915,629490,,629431,,
003,xt1.021.003.info.yml.gz,1916,629498,629432,,,
003,xt1.021.003.info.yml.gz,1919,629514,,629456,,
003,xt1.021.003.info.yml.gz,1920,629515,629457,,,
003,xt1.021.003.info.yml.gz,1922,629530,,,,629530
003,xt1.021.003.info.yml.gz,1923,629536,629482,,,
003,xt1.021.003.info.yml.gz,1924,629538,,629481,,
003,xt1.021.003.info.yml.gz,1928,629567,,629508,,
003,xt1.021.003.info.yml.gz,1929,629568,629509,,,
003,xt1.021.003.info.yml.gz,1930,629570,,,629569,
003,xt1.021.003.info.yml.gz,1934,629592,629534,,,
003,xt1.021.003.info.yml.gz,1935,629593,,629533,,
003,xt1.021.003.info.yml.gz,1938,629616,629559,,,
003,xt1.021.003.info.yml.gz,1939,629618,,629558,,
003,xt1.021.003.info.yml.gz,1941,629630,,,,629630
003,xt1.021.003.info.yml.gz,1942,629638,,629583,,
003,xt1.021.003.info.yml.gz,1943,629641,629584,,,
003,xt1.021.003.info.yml.gz,1947,629664,629611,,,
003,xt1.021.003.info.yml.gz,1948,629665,,629610,,
003,xt1.021.003.info.yml.gz,1950,629670,,,629669,
003,xt1.021.003.info.yml.gz,1952,629690,629636,,,
003,xt1.021.003.info.yml.gz,1954,629695,,629635,,
003,xt1.021.003.info.yml.gz,1957,629719,629662,,,
003,xt1.021.003.info.yml.gz,1959,629731,,,,629731
003,xt1.021.003.info.yml.gz,1960,629741,,629661,,
003,xt1.021.003.info.yml.gz,1961,629748,629688,,,
003,xt1.021.003.info.yml.gz,1963,629762,,629687,,
003,xt1.021.003.info.yml.gz,1964,629765,629713,,,
003,xt1.021.003.info.yml.gz,1965,629770,,,629769,
003,xt1.021.003.info.yml.gz,1967,629776,,629712,,
003,xt1.021.003.info.yml.gz,1970,629789,629738,,,
003,xt1.021.003.info.yml.gz,1971,629791,,629737,,
003,xt1.021.003.info.yml.gz,1974,629814,629763,,,
003,xt1.021.003.info.yml.gz,1975,629816,,629763,,
003,xt1.021.003.info.yml.gz,1977,629830,,,,629830
003,xt1.021.003.info.yml.gz,1980,629840,,629789,,
003,xt1.021.003.info.yml.gz,1982,629842,629790,,,
003,xt1.021.003.info.yml.gz,1985,629868,,629815,,
003,xt1.021.003.info.yml.gz,1986,629869,629816,,,
003,xt1.021.003.info.yml.gz,1987,629871,,,629870,
003,xt1.021.003.info.yml.gz,1992,629893,,629840,,
003,xt1.021.003.info.yml.gz,1993,629895,629841,,,
003,xt1.021.003.info.yml.gz,1996,629921,,629867,,
003,xt1.021.003.info.yml.gz,1997,629924,629868,,,
003,xt1.021.003.info.yml.gz,1998,629934,,,,629934
003,xt1.021.003.info.yml.gz,2000,629941,,629892,,
003,xt1.021.003.info.yml.gz,2001,629943,629893,,,
003,xt1.021.003.info.yml.gz,2005,629969,,629917,,
003,xt1.021.003.info.yml.gz,2006,629971,,,629969,
003,xt1.021.003.info.yml.gz,2007,629972,629918,,,
